{
    "appKeys": {},
    "capabilities": [
        ""
    ],
    "companyName": "Sweet Home",
    "longName": "Avatar client",
    "projectType": "pebblejs",
    "resources": {
        "media": [
            {
                "file": "images/menu_icon.png",
                "name": "IMAGE_MENU_ICON",
                "type": "bitmap"
            },
            {
                "file": "images/logo_splash.png",
                "name": "IMAGE_LOGO_SPLASH",
                "type": "bitmap"
            },
            {
                "file": "images/tile_splash.png",
                "name": "IMAGE_TILE_SPLASH",
                "type": "bitmap"
            },
            {
                "file": "fonts/UbuntuMono-Regular.ttf",
                "name": "MONO_FONT_14",
                "type": "font"
            },
            {
                "file": "images/menu.png",
                "name": "IMAGES_MENU_PNG",
                "type": "png"
            },
            {
                "file": "images/msg_sent.png",
                "name": "IMAGES_MSG_SENT_PNG",
                "type": "png"
            },
            {
                "file": "images/connected.png",
                "name": "IMAGES_CONNECTED_PNG",
                "type": "png"
            },
            {
                "file": "images/not_connected.png",
                "name": "IMAGES_NOT_CONNECTED_PNG",
                "type": "png"
            },
            {
                "file": "images/listen_pebble.png",
                "name": "IMAGES_LISTEN_PEBBLE_PNG",
                "type": "png"
            },
            {
                "file": "images/listen.png",
                "name": "IMAGES_LISTEN_PNG",
                "type": "png"
            },
            {
                "file": "images/Avatar.png",
                "menuIcon": true,
                "name": "IMAGES_AVATAR_PNG",
                "type": "png"
            }
        ]
    },
    "sdkVersion": "3",
    "shortName": "Avatar client",
    "targetPlatforms": [
        "basalt"
    ],
    "uuid": "787ff88f-73ac-4c33-8ce6-a0c0d8ac7bbc",
    "versionCode": 1,
    "versionLabel": "1.0",
    "watchapp": {
        "hiddenApp": false,
        "watchface": false
    }
}
